article,author,year,journal,url,green_text,scraped_from
Empowering Makers–A Design Science Approach,"C Kaar, C Stary",2020," 3rd International Conference on Education Technology, 2020 ",https://dl.acm.org/doi/abs/10.1145/3446590.3446606,"C Kaar, C Stary 3rd International Conference on Education Technology, 2020  dl.acm.org","https://scholar.google.co.za/scholar?start=0&q=%22education+technology%22+%2B+%22design+science+research%22&hl=en&as_sdt=0,5&as_ylo=2018&as_yhi=2023&as_vis=1"
Chatbot Introduction and Operation in Enterprises-A Design Science Research-based Structured Procedure Model for Chatbot Projects.,"RM von Wolff, S Hobert, M Schumann",2022," HICSS, 2022 ",https://scholar.archive.org/work/5upfgsdpbvb4xe4y6jxeww6dru/access/wayback/https://scholarspace.manoa.hawaii.edu/server/api/core/bitstreams/f12fb0ef-3c6c-475e-b321-a0234e894872/content,"RM von Wolff, S Hobert, M Schumann HICSS, 2022  scholar.archive.org","https://scholar.google.co.za/scholar?start=0&q=%22education+technology%22+%2B+%22design+science+research%22&hl=en&as_sdt=0,5&as_ylo=2018&as_yhi=2023&as_vis=1"
Chatbot Introduction and Operation in Enterprises–A Design Science Research-based Structured Procedure Model for Chatbot Projects,"R Meyer Von Wolff, S Hobert",2022," of the 55th, 2022 ",https://scholarspace.manoa.hawaii.edu/handle/10125/80061,"R Meyer Von Wolff, S Hobert of the 55th, 2022  scholarspace.manoa.hawaii.edu","https://scholar.google.co.za/scholar?start=0&q=%22education+technology%22+%2B+%22design+science+research%22&hl=en&as_sdt=0,5&as_ylo=2018&as_yhi=2023&as_vis=1"
Green information systems adoption: a theoretical framework based on design science research,PA Machado ,2018, 2018 ,https://repositorio.ufrn.br/handle/123456789/26493,PA Machado  2018  repositorio.ufrn.br,"https://scholar.google.co.za/scholar?start=0&q=%22education+technology%22+%2B+%22design+science+research%22&hl=en&as_sdt=0,5&as_ylo=2018&as_yhi=2023&as_vis=1"
Sustainable Information and Learning Access at a Rural University in Zimbabwe through a Mobile Application,"V Maphosa, B Dube, T Jita",2021," and Education Technology, 2021 ",https://pdfs.semanticscholar.org/268d/480a89f1a20d85881a0cbd165943fc599573.pdf,"V Maphosa, B Dube, T Jita and Education Technology, 2021  pdfs.semanticscholar.org","https://scholar.google.co.za/scholar?start=0&q=%22education+technology%22+%2B+%22design+science+research%22&hl=en&as_sdt=0,5&as_ylo=2018&as_yhi=2023&as_vis=1"
Applying social media interactivity systems towards social learning platform,"T Oktavia, E Cahyadi",2020," ICIC Express Letters, 2020 ",https://scholar.archive.org/work/ckwcqj5eenhfbmlil6qleqnysu/access/wayback/http://www.icicel.org/ell/contents/2020/7/el-14-07-02.pdf,"T Oktavia, E Cahyadi ICIC Express Letters, 2020  scholar.archive.org","https://scholar.google.co.za/scholar?start=0&q=%22education+technology%22+%2B+%22design+science+research%22&hl=en&as_sdt=0,5&as_ylo=2018&as_yhi=2023&as_vis=1"
"Design, development, and evaluation of a mobile learning application for computing education","SS Oyelere, J Suhonen, GM Wajiga",2018," Education and Information, 2018 ",https://link.springer.com/article/10.1007/s10639-017-9613-2,"SS Oyelere, J Suhonen, GM Wajiga Education and Information, 2018  Springer","https://scholar.google.co.za/scholar?start=0&q=%22education+technology%22+%2B+%22design+science+research%22&hl=en&as_sdt=0,5&as_ylo=2018&as_yhi=2023&as_vis=1"
Move to smart learning environment: exploratory research of challenges in computer laboratory and design intelligent virtual laboratory for eLearning Technology,"S Munawar, SK Toor, M Aslam, M Hamid",2018," EURASIA Journal of, 2018 ",https://www.ejmste.com/article/move-to-smart-learning-environment-exploratory-research-of-challenges-in-computer-laboratory-and-5376,"S Munawar, SK Toor, M Aslam, M Hamid EURASIA Journal of, 2018  ejmste.com","https://scholar.google.co.za/scholar?start=0&q=%22education+technology%22+%2B+%22design+science+research%22&hl=en&as_sdt=0,5&as_ylo=2018&as_yhi=2023&as_vis=1"
Step by Step Implementation of DSRM for Personalization of Reading,"M Mansor, WAW Adnan, RA Wahid",2021," International Journal of, 2021 ",http://lamintang.org/journal/index.php/ij-humass/article/view/212,"M Mansor, WAW Adnan, RA Wahid International Journal of, 2021  lamintang.org","https://scholar.google.co.za/scholar?start=0&q=%22education+technology%22+%2B+%22design+science+research%22&hl=en&as_sdt=0,5&as_ylo=2018&as_yhi=2023&as_vis=1"
Information Security Risk Management Practices: Community-Based Knowledge Sharing,V Agrawal ,2018, 2018 ,https://ntnuopen.ntnu.no/ntnu-xmlui/handle/11250/2568034,V Agrawal  2018  ntnuopen.ntnu.no,"https://scholar.google.co.za/scholar?start=0&q=%22education+technology%22+%2B+%22design+science+research%22&hl=en&as_sdt=0,5&as_ylo=2018&as_yhi=2023&as_vis=1"
SuccERP: The design science based integration of ECS and ERP in post-implementation stage,"YY Lin, Y Nagai, TH Chiang",2021," International Journal of, 2021 ",https://journals.sagepub.com/doi/abs/10.1177/18479790211008812,"YY Lin, Y Nagai, TH Chiang International Journal of, 2021  journals.sagepub.com","https://scholar.google.co.za/scholar?start=10&q=%22education+technology%22+%2B+%22design+science+research%22&hl=en&as_sdt=0,5&as_ylo=2018&as_yhi=2023&as_vis=1"
A Multi-Discipline Approach for Enhancing Developer Learning in Software Security,SF Wen ,2020, 2020 ,https://ntnuopen.ntnu.no/ntnu-xmlui/handle/11250/2653112,SF Wen  2020  ntnuopen.ntnu.no,"https://scholar.google.co.za/scholar?start=10&q=%22education+technology%22+%2B+%22design+science+research%22&hl=en&as_sdt=0,5&as_ylo=2018&as_yhi=2023&as_vis=1"
MethodViz: designing and evaluating an interactive learning tool for scientific methods–visual learning support and visualization of research process structure,"L Bostrm, M Sjstrm",2022," Education and Information Technologies, 2022 ",https://link.springer.com/article/10.1007/s10639-022-11139-9,"L Bostrm, M Sjstrm Education and Information Technologies, 2022  Springer","https://scholar.google.co.za/scholar?start=10&q=%22education+technology%22+%2B+%22design+science+research%22&hl=en&as_sdt=0,5&as_ylo=2018&as_yhi=2023&as_vis=1"
A barrier diagnostic framework in process of digital transformation in higher education institutions,"BR Aditya, R Ferdiana",2021," Journal of Applied, 2021 ",https://www.emerald.com/insight/content/doi/10.1108/JARHE-12-2020-0454/full/html,"BR Aditya, R Ferdiana Journal of Applied, 2021  emerald.com","https://scholar.google.co.za/scholar?start=10&q=%22education+technology%22+%2B+%22design+science+research%22&hl=en&as_sdt=0,5&as_ylo=2018&as_yhi=2023&as_vis=1"
Enhancing Information Technology Education in Indian Context: A Design Story,S Kode ,2019, 2019 ,https://erepo.uef.fi/bitstream/handle/123456789/22095/urn_isbn_978-952-61-3233-4.pdf?sequence=1,S Kode  2019  erepo.uef.fi,"https://scholar.google.co.za/scholar?start=10&q=%22education+technology%22+%2B+%22design+science+research%22&hl=en&as_sdt=0,5&as_ylo=2018&as_yhi=2023&as_vis=1"
Mobile Learning as Tool for Implementation of Blended Learning in Nursing Education,"D Listriana Kusumastuti, V Utami Tjhin",2021," 2021 The 9th, 2021 ",https://dl.acm.org/doi/abs/10.1145/3512576.3512623,"D Listriana Kusumastuti, V Utami Tjhin 2021 The 9th, 2021  dl.acm.org","https://scholar.google.co.za/scholar?start=10&q=%22education+technology%22+%2B+%22design+science+research%22&hl=en&as_sdt=0,5&as_ylo=2018&as_yhi=2023&as_vis=1"
E-commerce Framework for Micro and Small Enterprises in Ethiopia,"K Tilahun, M Kifle",2020," HiLCoE Journal of Computer Science and, 2020 ",https://www.hilcoeschool.com/wp-content/uploads/2020/08/V3Paper5.pdf,"K Tilahun, M Kifle HiLCoE Journal of Computer Science and, 2020  hilcoeschool.com","https://scholar.google.co.za/scholar?start=10&q=%22education+technology%22+%2B+%22design+science+research%22&hl=en&as_sdt=0,5&as_ylo=2018&as_yhi=2023&as_vis=1"
Mobile applications in supporting Open and Distance Learning students' research,"P Choshi, I Sanders, J Van Biljon",2021, 2021 IST,https://ieeexplore.ieee.org/abstract/document/9576968/,"P Choshi, I Sanders, J Van Biljon 2021 ISTAfrica Conference, 2021  ieeexplore.ieee.org","https://scholar.google.co.za/scholar?start=10&q=%22education+technology%22+%2B+%22design+science+research%22&hl=en&as_sdt=0,5&as_ylo=2018&as_yhi=2023&as_vis=1"
Delivering a Drug Information App to Underserved Communities: A User-Centered Design Approach,V Maphosa,2022," Journal of Global Information Technology, 2022 ",https://www.tandfonline.com/doi/abs/10.1080/1097198X.2022.2132086,"V Maphosa Journal of Global Information Technology, 2022  Taylor  Francis","https://scholar.google.co.za/scholar?start=10&q=%22education+technology%22+%2B+%22design+science+research%22&hl=en&as_sdt=0,5&as_ylo=2018&as_yhi=2023&as_vis=1"
Design Principles Influencing Secondary School Counselors' Satisfaction of a Decision-Support System,KS Crandall ,2020, 2020 ,https://scholar.dsu.edu/theses/347/,KS Crandall  2020  scholar.dsu.edu,"https://scholar.google.co.za/scholar?start=10&q=%22education+technology%22+%2B+%22design+science+research%22&hl=en&as_sdt=0,5&as_ylo=2018&as_yhi=2023&as_vis=1"
Generator Portofolio Pengajaran Dosen Berbasis Web,"MDS Syahid, H Nugroho, SK Sari",2022," Jurnal Teknologi Informasi dan Ilmu, 2022 ",https://jtiik.ub.ac.id/index.php/jtiik/article/view/6803,"MDS Syahid, H Nugroho, SK Sari Jurnal Teknologi Informasi dan Ilmu, 2022  jtiik.ub.ac.id","https://scholar.google.co.za/scholar?start=20&q=%22education+technology%22+%2B+%22design+science+research%22&hl=en&as_sdt=0,5&as_ylo=2018&as_yhi=2023&as_vis=1"
Methodological guidelines for the design and integration of software learning objects for scientific programming education,"V Dolgopolovas, V Dagien, T Jevsikova",2020," Scientific Programming, 2020 ",https://www.hindawi.com/journals/sp/2020/6807515/,"V Dolgopolovas, V Dagien, T Jevsikova Scientific Programming, 2020  hindawi.com","https://scholar.google.co.za/scholar?start=20&q=%22education+technology%22+%2B+%22design+science+research%22&hl=en&as_sdt=0,5&as_ylo=2018&as_yhi=2023&as_vis=1"
"A Study of Interaction, Visual Canvas, and Immersion in AR Design: A DSR Approach","RK Pallasena, M Sharma",2022," AIS Transactions on, 2022 ",https://aisel.aisnet.org/thci/vol14/iss3/5/,"RK Pallasena, M Sharma AIS Transactions on, 2022  aisel.aisnet.org","https://scholar.google.co.za/scholar?start=20&q=%22education+technology%22+%2B+%22design+science+research%22&hl=en&as_sdt=0,5&as_ylo=2018&as_yhi=2023&as_vis=1"
Blended learning to improve quality of primary education among underprivileged school children in India,"P Dey, S Bandyopadhyay",2019," Education and Information Technologies, 2019 ",https://link.springer.com/article/10.1007/s10639-018-9832-1,"P Dey, S Bandyopadhyay Education and Information Technologies, 2019  Springer","https://scholar.google.co.za/scholar?start=20&q=%22education+technology%22+%2B+%22design+science+research%22&hl=en&as_sdt=0,5&as_ylo=2018&as_yhi=2023&as_vis=1"
Digital learning support for makers: integrating technical development and educational design,"C Kaar, C Stary",2021," Information, 2021 ",https://www.mdpi.com/2078-2489/12/5/209,"C Kaar, C Stary Information, 2021  mdpi.com","https://scholar.google.co.za/scholar?start=20&q=%22education+technology%22+%2B+%22design+science+research%22&hl=en&as_sdt=0,5&as_ylo=2018&as_yhi=2023&as_vis=1"
Integrated neurosymbolic decision support systems: problems and opportunities,"AV Demidovskij, EA Babkin",2021, ,https://cyberleninka.ru/article/n/integrated-neurosymbolic-decision-support-systems-problems-and-opportunities,"AV Demidovskij, EA Babkin , 2021  cyberleninka.ru","https://scholar.google.co.za/scholar?start=20&q=%22education+technology%22+%2B+%22design+science+research%22&hl=en&as_sdt=0,5&as_ylo=2018&as_yhi=2023&as_vis=1"
"Using a Hybrid Approach of Game Design, Blockchain Technology and Learning Analytics in Higher Education Institutions: A Case Study of the British University in …","K Al Shehhi, K Almarri",2021," , and Middle Eastern Conference on Information, 2021 ",https://link.springer.com/chapter/10.1007/978-3-030-95947-0_13,"K Al Shehhi, K Almarri , and Middle Eastern Conference on Information, 2021  Springer","https://scholar.google.co.za/scholar?start=20&q=%22education+technology%22+%2B+%22design+science+research%22&hl=en&as_sdt=0,5&as_ylo=2018&as_yhi=2023&as_vis=1"
Design and Investigation of a Decision Support System for Public Policy Formulation,O Ibrahim ,2018, 2018 ,https://www.diva-portal.org/smash/record.jsf?pid=diva2:1242925,O Ibrahim  2018  divaportal.org,"https://scholar.google.co.za/scholar?start=20&q=%22education+technology%22+%2B+%22design+science+research%22&hl=en&as_sdt=0,5&as_ylo=2018&as_yhi=2023&as_vis=1"
FLOWCHART DISCOVERY GAME,A Osman ,, researchgatenet,https://www.researchgate.net/profile/Norfiza-Ibrahim/publication/326645995_FLOWCHART_DISCOVERY_GAME_FOR_BASIC_PROGRAMMING_COURSE_FLOWGAME/links/5b625602458515c4b259296d/FLOWCHART-DISCOVERY-GAME-FOR-BASIC-PROGRAMMING-COURSE-FLOWGAME.pdf,A Osman  researchgate.net,"https://scholar.google.co.za/scholar?start=20&q=%22education+technology%22+%2B+%22design+science+research%22&hl=en&as_sdt=0,5&as_ylo=2018&as_yhi=2023&as_vis=1"
Engaging transformed fundamentals to design global hybrid higher education,"H Coates, Z Xie, X Hong",2021," Studies in Higher Education, 2021 ",https://www.tandfonline.com/doi/abs/10.1080/03075079.2020.1859683,"H Coates, Z Xie, X Hong Studies in Higher Education, 2021  Taylor  Francis","https://scholar.google.co.za/scholar?start=20&q=%22education+technology%22+%2B+%22design+science+research%22&hl=en&as_sdt=0,5&as_ylo=2018&as_yhi=2023&as_vis=1"
Learners in the Data Mist: Visualizations for Optimization of Learning Environments,SVK Solvaag ,2018, 2018 ,https://bora.uib.no/bora-xmlui/handle/1956/20629,SVK Solvaag  2018  bora.uib.no,"https://scholar.google.co.za/scholar?start=30&q=%22education+technology%22+%2B+%22design+science+research%22&hl=en&as_sdt=0,5&as_ylo=2018&as_yhi=2023&as_vis=1"
Towards design of citizen centric e-government projects in developing country context: the design-reality gap in Uganda,"S Kyakulumbye, S Pather, M Jantjies ",2019, 2019 ,https://repository.uwc.ac.za/handle/10566/6381,"S Kyakulumbye, S Pather, M Jantjies  2019  repository.uwc.ac.za","https://scholar.google.co.za/scholar?start=30&q=%22education+technology%22+%2B+%22design+science+research%22&hl=en&as_sdt=0,5&as_ylo=2018&as_yhi=2023&as_vis=1"
An Innovative Learning Management Approach for improving learning practices in Australian University Context,H Singh ,2021, 2021 ,https://vuir.vu.edu.au/43992/1/SINGH_Harpreet-Thesis_Redacted.pdf,H Singh  2021  vuir.vu.edu.au,"https://scholar.google.co.za/scholar?start=30&q=%22education+technology%22+%2B+%22design+science+research%22&hl=en&as_sdt=0,5&as_ylo=2018&as_yhi=2023&as_vis=1"
Designing Process-based Chatbots in Enterprises: The Case of Business Travel Organization Considering the Users' Perspective and Business Value,"RM von Wolff, S Hobert, M Schumann",2022," AIS Transactions on Human, 2022 ",https://aisel.aisnet.org/thci/vol14/iss4/6/,"RM von Wolff, S Hobert, M Schumann AIS Transactions on Human, 2022  aisel.aisnet.org","https://scholar.google.co.za/scholar?start=30&q=%22education+technology%22+%2B+%22design+science+research%22&hl=en&as_sdt=0,5&as_ylo=2018&as_yhi=2023&as_vis=1"
Assisting Children's Learning about Animals using Augmented Reality and Computer Vision,S Joshi ,2022, 2022 ,https://erepo.uef.fi/bitstream/handle/123456789/28972/urn_nbn_fi_uef-20221492.pdf?sequence=1,S Joshi  2022  erepo.uef.fi,"https://scholar.google.co.za/scholar?start=30&q=%22education+technology%22+%2B+%22design+science+research%22&hl=en&as_sdt=0,5&as_ylo=2018&as_yhi=2023&as_vis=1"
"Enterprise reference architectures for higher education institutions: Analysis, comparison and practical uses",F Sanchez Puchol ,, tdxcat,https://www.tdx.cat/handle/10803/675395,F Sanchez Puchol  tdx.cat,"https://scholar.google.co.za/scholar?start=30&q=%22education+technology%22+%2B+%22design+science+research%22&hl=en&as_sdt=0,5&as_ylo=2018&as_yhi=2023&as_vis=1"
Ref-CAMLA: A Reference Architecture for Context Aware Mobile Learning Applications,"BA Kumar, B Sharma",2020, 2020 IEEE Asia,https://ieeexplore.ieee.org/abstract/document/9411575/,"BA Kumar, B Sharma 2020 IEEE AsiaPacific, 2020  ieeexplore.ieee.org","https://scholar.google.co.za/scholar?start=30&q=%22education+technology%22+%2B+%22design+science+research%22&hl=en&as_sdt=0,5&as_ylo=2018&as_yhi=2023&as_vis=1"
Research Article Methodological Guidelines for the Design and Integration of Software Learning Objects for Scientific Programming Education,"V Dolgopolovas, V Dagiene, T Jevsikova ",2020, 2020 ,https://www.academia.edu/download/71381572/6807515.pdf,"V Dolgopolovas, V Dagiene, T Jevsikova  2020  academia.edu","https://scholar.google.co.za/scholar?start=30&q=%22education+technology%22+%2B+%22design+science+research%22&hl=en&as_sdt=0,5&as_ylo=2018&as_yhi=2023&as_vis=1"
Uma Investigação Acerca da Experiência do Usuário em Sistemas Colaborativos Educacionais,"R Azevedo, A Castro, B Gadelha",2022," Anais Estendidos do XVII, 2022 ",https://sol.sbc.org.br/index.php/sbsc_estendido/article/view/19326,"R Azevedo, A Castro, B Gadelha Anais Estendidos do XVII, 2022  sol.sbc.org.br","https://scholar.google.co.za/scholar?start=30&q=%22education+technology%22+%2B+%22design+science+research%22&hl=en&as_sdt=0,5&as_ylo=2018&as_yhi=2023&as_vis=1"
Research on Digital Inclusion: narratives for connecting outcomes with indicators.,"RS Sharma, B John, A Kankanhalli ",2019, 2019 ,https://www.researchgate.net/profile/Ravi-Sharma-32/project/Center-for-Inclusive-Digital-Enterprise-CeIDE/attachment/5eb39cfef155db0001fa06f1/AS:888429210509314@1588829438330/download/CeIDE+deck.pdf,"RS Sharma, B John, A Kankanhalli  2019  researchgate.net","https://scholar.google.co.za/scholar?start=30&q=%22education+technology%22+%2B+%22design+science+research%22&hl=en&as_sdt=0,5&as_ylo=2018&as_yhi=2023&as_vis=1"
Design model for integrating learning management systems and massive open online courses on a digital e-Learning platform: implications for Zimbabwean …,TT Rugube ,2019, 2019 ,https://ukzn-dspace.ukzn.ac.za/handle/10413/19014,TT Rugube  2019  ukzndspace.ukzn.ac.za,"https://scholar.google.co.za/scholar?start=40&q=%22education+technology%22+%2B+%22design+science+research%22&hl=en&as_sdt=0,5&as_ylo=2018&as_yhi=2023&as_vis=1"
A learning management system based framework for higher education quality programme review,AJM Botha ,2020, 2020 ,https://repository.up.ac.za/handle/2263/75946,AJM Botha  2020  repository.up.ac.za,"https://scholar.google.co.za/scholar?start=40&q=%22education+technology%22+%2B+%22design+science+research%22&hl=en&as_sdt=0,5&as_ylo=2018&as_yhi=2023&as_vis=1"
Enhancing Software Engineering Education in Africa through a Metaversity,"V Ruwodo, A Pinomaa, M Vesisenaho",2022," 2022 IEEE Frontiers, 2022 ",https://ieeexplore.ieee.org/abstract/document/9962729/,"V Ruwodo, A Pinomaa, M Vesisenaho 2022 IEEE Frontiers, 2022  ieeexplore.ieee.org","https://scholar.google.co.za/scholar?start=40&q=%22education+technology%22+%2B+%22design+science+research%22&hl=en&as_sdt=0,5&as_ylo=2018&as_yhi=2023&as_vis=1"
Augmented Reality in VET: Benefits of a qualitative and quantitative study for workplace training,P Sommerauer,2021," HICSS, Grand Wailea, HI, USA, 5",https://digitalcollection.zhaw.ch/handle/11475/21195,"P Sommerauer HICSS, Grand Wailea, HI, USA, 58, 2021  digitalcollection.zhaw.ch","https://scholar.google.co.za/scholar?start=40&q=%22education+technology%22+%2B+%22design+science+research%22&hl=en&as_sdt=0,5&as_ylo=2018&as_yhi=2023&as_vis=1"
Using BIM to achieve Architectural Engineering undergraduate learning outcomes,"A Moustaka, SP Coates, A Rachid",2020," AMPS PROCEEDINGS, 2020 ",http://usir.salford.ac.uk/id/eprint/52958/,"A Moustaka, SP Coates, A Rachid AMPS PROCEEDINGS, 2020  usir.salford.ac.uk","https://scholar.google.co.za/scholar?start=40&q=%22education+technology%22+%2B+%22design+science+research%22&hl=en&as_sdt=0,5&as_ylo=2018&as_yhi=2023&as_vis=1"
Higher Education Design,H Coates,2020," Higher Education Design, 2020 ",https://link.springer.com/chapter/10.1007/978-981-15-9216-4_1,"H Coates Higher Education Design, 2020  Springer","https://scholar.google.co.za/scholar?start=40&q=%22education+technology%22+%2B+%22design+science+research%22&hl=en&as_sdt=0,5&as_ylo=2018&as_yhi=2023&as_vis=1"
"Research in progress: holistic climate service prototypes for farmers in Tambuu, Tanzania","V Myllynp, J Helminen, E Misaki, M Apiola",2019," Conference on Social, 2019 ",https://link.springer.com/chapter/10.1007/978-3-030-19115-3_24,"V Myllynp, J Helminen, E Misaki, M Apiola Conference on Social, 2019  Springer","https://scholar.google.co.za/scholar?start=40&q=%22education+technology%22+%2B+%22design+science+research%22&hl=en&as_sdt=0,5&as_ylo=2018&as_yhi=2023&as_vis=1"
Using Mobile Technology for Coordinating Educational Plans and Supporting Decision Making Through Reinforcement Learning in Inclusive Settings,N Siyam ,2021, 2021 ,https://bspace.buid.ac.ae/handle/1234/1879,N Siyam  2021  bspace.buid.ac.ae,"https://scholar.google.co.za/scholar?start=40&q=%22education+technology%22+%2B+%22design+science+research%22&hl=en&as_sdt=0,5&as_ylo=2018&as_yhi=2023&as_vis=1"
From the theories of financial resource acquisition to a theory for acquiring financial resources-how should digital ventures raise equity capital beyond seed funding,"SCT Hor, A Chang, RT de Oliveira",2021," Journal of Business, 2021 ",https://www.sciencedirect.com/science/article/pii/S2352673421000561,"SCT Hor, A Chang, RT de Oliveira Journal of Business, 2021  Elsevier","https://scholar.google.co.za/scholar?start=40&q=%22education+technology%22+%2B+%22design+science+research%22&hl=en&as_sdt=0,5&as_ylo=2018&as_yhi=2023&as_vis=1"
AIS Electronic Library (AISeL),"A Nguyen, Y Hong, LA Gardner ",, researchgatenet,https://www.researchgate.net/profile/Andy-Nguyen-20/publication/343615195_A_Taxonomy_of_Digital_Learning_Activities_for_Digital_Inclusion/links/5f345335a6fdcccc43c599cc/A-Taxonomy-of-Digital-Learning-Activities-for-Digital-Inclusion.pdf,"A Nguyen, Y Hong, LA Gardner  researchgate.net","https://scholar.google.co.za/scholar?start=40&q=%22education+technology%22+%2B+%22design+science+research%22&hl=en&as_sdt=0,5&as_ylo=2018&as_yhi=2023&as_vis=1"
Research on mobile cloud computing in teaching and learning: a conceptual framework,"J van Biljon, R van der Merwe",2018," ICEL 2018 13th International, 2018 ",https://books.google.co.za/books?hl=en&lr=&id=KEJmDwAAQBAJ&oi=fnd&pg=PA454&dq=%22education+technology%22+%2B+%22design+science+research%22&ots=H1gSxTkaeF&sig=XuHh_lboL8Y-vC31OR7czJn1zbY,"J van Biljon, R van der Merwe ICEL 2018 13th International, 2018  books.google.com","https://scholar.google.co.za/scholar?start=50&q=%22education+technology%22+%2B+%22design+science+research%22&hl=en&as_sdt=0,5&as_ylo=2018&as_yhi=2023&as_vis=1"
An investigation of self-regulated learning in a novel MOOC platform,"DFO Onah, ELL Pang, JE Sinclair",2022," Journal of Computing in Higher, 2022 ",https://link.springer.com/article/10.1007/s12528-022-09346-x,"DFO Onah, ELL Pang, JE Sinclair Journal of Computing in Higher, 2022  Springer","https://scholar.google.co.za/scholar?start=50&q=%22education+technology%22+%2B+%22design+science+research%22&hl=en&as_sdt=0,5&as_ylo=2018&as_yhi=2023&as_vis=1"
"Investigating the impact of space design, visual attractiveness and perceived instructor presence on student adoption of learning management systems","AH Ghapanchi, A Purarjomandlangrudi",2020," Education and, 2020 ",https://link.springer.com/article/10.1007/s10639-020-10204-5,"AH Ghapanchi, A Purarjomandlangrudi Education and, 2020  Springer","https://scholar.google.co.za/scholar?start=50&q=%22education+technology%22+%2B+%22design+science+research%22&hl=en&as_sdt=0,5&as_ylo=2018&as_yhi=2023&as_vis=1"
Research on Mobile Cloud Computing in Teaching and Learning: A Conceptual Model,"J Van Biljon, R Van der Merwe ",2018, 2018 ,https://uir.unisa.ac.za/handle/10500/24596,"J Van Biljon, R Van der Merwe  2018  uir.unisa.ac.za","https://scholar.google.co.za/scholar?start=50&q=%22education+technology%22+%2B+%22design+science+research%22&hl=en&as_sdt=0,5&as_ylo=2018&as_yhi=2023&as_vis=1"
A mobile applications innovation ecosystem framework for Botswana,AT Nyamaka ,2019, 2019 ,https://core.ac.uk/download/pdf/267812878.pdf,AT Nyamaka  2019  core.ac.uk,"https://scholar.google.co.za/scholar?start=50&q=%22education+technology%22+%2B+%22design+science+research%22&hl=en&as_sdt=0,5&as_ylo=2018&as_yhi=2023&as_vis=1"
Automated Feedback on Learning Progress: An exploratory study of opportunities and risks associated with automatically computed metrics and recommendations,"K Brown, JDL Thessn ",2020, 2020 ,https://www.diva-portal.org/smash/record.jsf?pid=diva2:1446835,"K Brown, JDL Thessn  2020  divaportal.org","https://scholar.google.co.za/scholar?start=50&q=%22education+technology%22+%2B+%22design+science+research%22&hl=en&as_sdt=0,5&as_ylo=2018&as_yhi=2023&as_vis=1"
"Proceedings of the Sempre MET2018: Researching Music, Education, Technology","E Himonides, A King, F Cuadrado ",2018, 2018 ,https://discovery.ucl.ac.uk/id/eprint/10046069/,"E Himonides, A King, F Cuadrado  2018  discovery.ucl.ac.uk","https://scholar.google.co.za/scholar?start=50&q=%22education+technology%22+%2B+%22design+science+research%22&hl=en&as_sdt=0,5&as_ylo=2018&as_yhi=2023&as_vis=1"
A Review of Literature on Co-Design Process for Education,L Intal,2021," Asian Journal on Perspectives in Education, 2021 ",https://www.feu.edu.ph/wp-content/uploads/2021/09/AJPE-V2I1-Intal-2021.pdf,"L Intal Asian Journal on Perspectives in Education, 2021  feu.edu.ph","https://scholar.google.co.za/scholar?start=50&q=%22education+technology%22+%2B+%22design+science+research%22&hl=en&as_sdt=0,5&as_ylo=2018&as_yhi=2023&as_vis=1"
Интегрированные нейросимволические системы поддержки принятия решений: проблемы и перспективы," ,  ",2021, ,https://cyberleninka.ru/article/n/integrirovannye-neyrosimvolicheskie-sistemy-podderzhki-prinyatiya-resheniy-problemy-i-perspektivy," ,   , 2021  cyberleninka.ru","https://scholar.google.co.za/scholar?start=50&q=%22education+technology%22+%2B+%22design+science+research%22&hl=en&as_sdt=0,5&as_ylo=2018&as_yhi=2023&as_vis=1"
USER INTERACTION IN IRAQI BLENDED MASSIVE OPEN ONLINE COURSE MODEL,QA ALI ,, etduumedumy,https://etd.uum.edu.my/8167/2/s94444_02.pdf,QA ALI  etd.uum.edu.my,"https://scholar.google.co.za/scholar?start=50&q=%22education+technology%22+%2B+%22design+science+research%22&hl=en&as_sdt=0,5&as_ylo=2018&as_yhi=2023&as_vis=1"
"Printable Table of Contents. JITE: Research, Volume 20, 2021",C Cheong,2021," Journal of Information Technology Education, 2021 ",https://www.informingscience.org/Publications?Type=JournalArticles&JournalID=4&Volume=20-2021,"C Cheong Journal of Information Technology Education, 2021  informingscience.org","https://scholar.google.co.za/scholar?start=60&q=%22education+technology%22+%2B+%22design+science+research%22&hl=en&as_sdt=0,5&as_ylo=2018&as_yhi=2023&as_vis=1"
Software learning objects for scientific computing education: teaching scientific inquiry with recurrence based stochastic models,V Dolgopolovas ,2018, 2018 ,https://epublications.vu.lt/object/elaba:29816792/,V Dolgopolovas  2018  epublications.vu.lt,"https://scholar.google.co.za/scholar?start=60&q=%22education+technology%22+%2B+%22design+science+research%22&hl=en&as_sdt=0,5&as_ylo=2018&as_yhi=2023&as_vis=1"
Narrative Scenarios for a Humanistic Approach to Technology Critique-A Case Study,E Brucker,2021,"Kley, J Oberle, T Keller",https://iaiai.org/journals/index.php/IEE/article/view/682,"E BruckerKley, J Oberle, T Keller Information Engineering Express, 2021  iaiai.org","https://scholar.google.co.za/scholar?start=60&q=%22education+technology%22+%2B+%22design+science+research%22&hl=en&as_sdt=0,5&as_ylo=2018&as_yhi=2023&as_vis=1"
"AV Demidovskij, EA Babkin","DA Petrova, PV Trunin, VN Kuzmin, AB Menisov ",, bijournalhseru,https://bijournal.hse.ru/data/2021/10/01/1476150282/BI%203_2021%20EN-seit.pdf,"DA Petrova, PV Trunin, VN Kuzmin, AB Menisov  bijournal.hse.ru","https://scholar.google.co.za/scholar?start=60&q=%22education+technology%22+%2B+%22design+science+research%22&hl=en&as_sdt=0,5&as_ylo=2018&as_yhi=2023&as_vis=1"
[BOOK][B] Understanding problems of practice: A case study in design research,"D Hathaway, P Norton ",2018, 2018 ,https://link.springer.com/content/pdf/10.1007/978-3-319-77559-3.pdf,"D Hathaway, P Norton  2018  Springer","https://scholar.google.co.za/scholar?start=60&q=%22education+technology%22+%2B+%22design+science+research%22&hl=en&as_sdt=0,5&as_ylo=2018&as_yhi=2023&as_vis=1"
Community College Cybersecurity Programs: a Proposed Framework,P Ward,2022," Proceedings of the EDSIG Conference ISSN, 2022 ",https://proc.iscap.info/2022/pdf/5824.pdf,"P Ward Proceedings of the EDSIG Conference ISSN, 2022  proc.iscap.info","https://scholar.google.co.za/scholar?start=60&q=%22education+technology%22+%2B+%22design+science+research%22&hl=en&as_sdt=0,5&as_ylo=2018&as_yhi=2023&as_vis=1"
Contributions from ADBIS 2018 Workshops,"U Bub, A Dahanayake, J Darmont, C Diamantini",2018," on Advances in, 2018 ",https://link.springer.com/chapter/10.1007/978-3-030-00063-9_11,"U Bub, A Dahanayake, J Darmont, C Diamantini on Advances in, 2018  Springer","https://scholar.google.co.za/scholar?start=60&q=%22education+technology%22+%2B+%22design+science+research%22&hl=en&as_sdt=0,5&as_ylo=2018&as_yhi=2023&as_vis=1"
Visualizations and Dashboards for Learning Analytics,"M Sahin, D Ifenthaler ",2021, 2021 ,https://link.springer.com/content/pdf/10.1007/978-3-030-81222-5.pdf,"M Sahin, D Ifenthaler  2021  Springer","https://scholar.google.co.za/scholar?start=60&q=%22education+technology%22+%2B+%22design+science+research%22&hl=en&as_sdt=0,5&as_ylo=2018&as_yhi=2023&as_vis=1"
Towards an ICT artefact for financial inclusion in Ghana: a critical realist perspective,S Agyepong ,2018, 2018 ,https://core.ac.uk/download/pdf/195786185.pdf,S Agyepong  2018  core.ac.uk,"https://scholar.google.co.za/scholar?start=60&q=%22education+technology%22+%2B+%22design+science+research%22&hl=en&as_sdt=0,5&as_ylo=2018&as_yhi=2023&as_vis=1"
Pictorial Cube: An Augmented Reality Application for 3D Visualization of Learning Objects,H Shahid ,2021, 2021 ,https://erepo.uef.fi/bitstream/handle/123456789/25729/urn_nbn_fi_uef-20211068.pdf?sequence=1,H Shahid  2021  erepo.uef.fi,"https://scholar.google.co.za/scholar?start=60&q=%22education+technology%22+%2B+%22design+science+research%22&hl=en&as_sdt=0,5&as_ylo=2018&as_yhi=2023&as_vis=1"
Re-thinking the competitive landscape of artificial intelligence,"S Alsheibani, C Messom",2020," of the 53rd, 2020 ",https://scholarspace.manoa.hawaii.edu/handle/10125/64460,"S Alsheibani, C Messom of the 53rd, 2020  scholarspace.manoa.hawaii.edu","https://scholar.google.co.za/scholar?start=70&q=%22education+technology%22+%2B+%22design+science+research%22&hl=en&as_sdt=0,5&as_ylo=2018&as_yhi=2023&as_vis=1"
The development of the data science capability maturity model: a survey-based research,"MO Gkalp, E Gkalp, K Kayabay, A Koyiit",2021," Online Information, 2021 ",https://www.emerald.com/insight/content/doi/10.1108/OIR-10-2020-0469/full/html,"MO Gkalp, E Gkalp, K Kayabay, A Koyiit Online Information, 2021  emerald.com","https://scholar.google.co.za/scholar?start=70&q=%22education+technology%22+%2B+%22design+science+research%22&hl=en&as_sdt=0,5&as_ylo=2018&as_yhi=2023&as_vis=1"
"Motivation of people with intellectual disabilities in technology design activities: the role of autonomy, competence, and relatedness","MC Safari, S Wass, E Thygesen",2022," Behaviour  Information, 2022 ",https://www.tandfonline.com/doi/abs/10.1080/0144929X.2021.2015442,"MC Safari, S Wass, E Thygesen Behaviour  Information, 2022  Taylor  Francis","https://scholar.google.co.za/scholar?start=70&q=%22education+technology%22+%2B+%22design+science+research%22&hl=en&as_sdt=0,5&as_ylo=2018&as_yhi=2023&as_vis=1"
Reducing Web Application Programming Interface Vulnerabilities through a Functional Programming Artifact,M Piscatello ,2022, 2022 ,https://search.proquest.com/openview/84e57e5d930af5b5a8374b457d5f79e0/1?pq-origsite=gscholar&cbl=18750&diss=y,M Piscatello  2022  search.proquest.com,"https://scholar.google.co.za/scholar?start=70&q=%22education+technology%22+%2B+%22design+science+research%22&hl=en&as_sdt=0,5&as_ylo=2018&as_yhi=2023&as_vis=1"
CONVERSATIONAL SESSION: 10: 00 AM–11: 00 AM,G Gill ,, iiisorg,https://www.iiis.org/spring2020plenaryevents/General%20Framework%20and%20Plenary%20Keynote%20Speakers%20of%20the%20Spring%202020%20Collocated%20Conferences.pdf,G Gill  iiis.org,"https://scholar.google.co.za/scholar?start=70&q=%22education+technology%22+%2B+%22design+science+research%22&hl=en&as_sdt=0,5&as_ylo=2018&as_yhi=2023&as_vis=1"
The Semantically Rich Learning Environments: A Systematic Literature Review,"H Rostami, S Elahi, A Moeini",2021," International Journal of, 2021 ",https://dcm.atu.ac.ir/article_13067.html,"H Rostami, S Elahi, A Moeini International Journal of, 2021  dcm.atu.ac.ir","https://scholar.google.co.za/scholar?start=70&q=%22education+technology%22+%2B+%22design+science+research%22&hl=en&as_sdt=0,5&as_ylo=2018&as_yhi=2023&as_vis=1"
Design and Implementation of Integrated Software Research and Community Service at State Polytechnic of Manado,"T Saroinsong, MAS Kondoj, G Kandiyoh",2018," Journal of Physics, 2018 ",https://iopscience.iop.org/article/10.1088/1742-6596/953/1/012037/meta,"T Saroinsong, MAS Kondoj, G Kandiyoh Journal of Physics, 2018  iopscience.iop.org","https://scholar.google.co.za/scholar?start=70&q=%22education+technology%22+%2B+%22design+science+research%22&hl=en&as_sdt=0,5&as_ylo=2018&as_yhi=2023&as_vis=1"
Management engineering: A new perspective on the integration of engineering and management knowledge,"G Elia, A Margherita, G Passiante",2020," IEEE Transactions on, 2020 ",https://ieeexplore.ieee.org/abstract/document/9106776/,"G Elia, A Margherita, G Passiante IEEE Transactions on, 2020  ieeexplore.ieee.org","https://scholar.google.co.za/scholar?start=70&q=%22education+technology%22+%2B+%22design+science+research%22&hl=en&as_sdt=0,5&as_ylo=2018&as_yhi=2023&as_vis=1"
An approach to improve technical drawing using VR and AR tools,"O Huerta, E Unver, R Arslan, A Kus",2020, Computer,http://www.cad-journal.net/files/vol_17/CAD_17(4)_2020_836-849.pdf,"O Huerta, E Unver, R Arslan, A Kus ComputerAided Design, 2020  cadjournal.net","https://scholar.google.co.za/scholar?start=70&q=%22education+technology%22+%2B+%22design+science+research%22&hl=en&as_sdt=0,5&as_ylo=2018&as_yhi=2023&as_vis=1"
Clustering of programming exercises for efficient reviewing and exploration,T Koivisto ,2021, 2021 ,https://helda.helsinki.fi/handle/10138/325709,T Koivisto  2021  helda.helsinki.fi,"https://scholar.google.co.za/scholar?start=70&q=%22education+technology%22+%2B+%22design+science+research%22&hl=en&as_sdt=0,5&as_ylo=2018&as_yhi=2023&as_vis=1"
Monitoring Services to Support Continuous Curriculum Engineering,"P Rudzajs, M Kirikova",2021," Complex Systems Informatics and, 2021 ",https://csimq-journals.rtu.lv/article/view/csimq.2021-29.04,"P Rudzajs, M Kirikova Complex Systems Informatics and, 2021  csimqjournals.rtu.lv","https://scholar.google.co.za/scholar?start=80&q=%22education+technology%22+%2B+%22design+science+research%22&hl=en&as_sdt=0,5&as_ylo=2018&as_yhi=2023&as_vis=1"
Research on the Effect of MOOC in the Ideological and Political Education Course in China,T Duan,2018," Proceedings of the 2nd International Conference on E, 2018 ",https://dl.acm.org/doi/abs/10.1145/3241748.3241762,"T Duan Proceedings of the 2nd International Conference on E, 2018  dl.acm.org","https://scholar.google.co.za/scholar?start=80&q=%22education+technology%22+%2B+%22design+science+research%22&hl=en&as_sdt=0,5&as_ylo=2018&as_yhi=2023&as_vis=1"
Toward a Design Theory of User-Centered Score Mechanics for Gamified Competency Development,"M Bckle, M Bick, J Novak",2021," Information Systems Management, 2021 ",https://www.tandfonline.com/doi/abs/10.1080/10580530.2021.1975852,"M Bckle, M Bick, J Novak Information Systems Management, 2021  Taylor  Francis","https://scholar.google.co.za/scholar?start=80&q=%22education+technology%22+%2B+%22design+science+research%22&hl=en&as_sdt=0,5&as_ylo=2018&as_yhi=2023&as_vis=1"
ICT framework to support a patient-centric approach in public healthcare: A case study of Malawi,"R Pankomera, D van Greunen",2020," The Journal of, 2020 ",https://openjournals.uwaterloo.ca/index.php/JoCI/article/view/3494,"R Pankomera, D van Greunen The Journal of, 2020  openjournals.uwaterloo.ca","https://scholar.google.co.za/scholar?start=80&q=%22education+technology%22+%2B+%22design+science+research%22&hl=en&as_sdt=0,5&as_ylo=2018&as_yhi=2023&as_vis=1"
A framework for evaluating web based Applications qualitybased on usability,S Ashagrre ,2020, 2020 ,http://ir.bdu.edu.et/handle/123456789/11295,S Ashagrre  2020  ir.bdu.edu.et,"https://scholar.google.co.za/scholar?start=80&q=%22education+technology%22+%2B+%22design+science+research%22&hl=en&as_sdt=0,5&as_ylo=2018&as_yhi=2023&as_vis=1"
Design thinking approaches in education and their challenges: A systematic literature review,"NH Razali, NNN Ali, SK Safiyuddin, F Khalid",2022," Creative Education, 2022 ",https://www.scirp.org/journal/paperinformation.aspx?paperid=118734,"NH Razali, NNN Ali, SK Safiyuddin, F Khalid Creative Education, 2022  scirp.org","https://scholar.google.co.za/scholar?start=80&q=%22education+technology%22+%2B+%22design+science+research%22&hl=en&as_sdt=0,5&as_ylo=2018&as_yhi=2023&as_vis=1"
"MOBILE TECHNOLOGY FOR ENHANCING TEACHING AND LEARNING AT THE COLLEGE OF BUSINESS EDUCATION, TANZANIA: AN EXPLORATORY …","AS Mbunda, AF Kapinga",2021," Business Education Journal, 2021 ",https://www.cbe.ac.tz/bej/index.php/bej/article/download/299/170,"AS Mbunda, AF Kapinga Business Education Journal, 2021  cbe.ac.tz","https://scholar.google.co.za/scholar?start=80&q=%22education+technology%22+%2B+%22design+science+research%22&hl=en&as_sdt=0,5&as_ylo=2018&as_yhi=2023&as_vis=1"
Closing the Loop: Development of a Dashboard for Quality Improvement of Business Education Programs.,"A Iriberri, DN Stengel",2021," International Journal for Business Education, 2021 ",https://eric.ed.gov/?id=EJ1312339,"A Iriberri, DN Stengel International Journal for Business Education, 2021  ERIC","https://scholar.google.co.za/scholar?start=80&q=%22education+technology%22+%2B+%22design+science+research%22&hl=en&as_sdt=0,5&as_ylo=2018&as_yhi=2023&as_vis=1"
A Participatory Action Research Design to Promote Knowledge Sharing Behaviours on MOOC Forums,"Y Shi, X Li, C Li, A Reeson, A Haller ",2020, 2020 ,http://armin-haller.com/publications/pacis38.pdf,"Y Shi, X Li, C Li, A Reeson, A Haller  2020  arminhaller.com","https://scholar.google.co.za/scholar?start=80&q=%22education+technology%22+%2B+%22design+science+research%22&hl=en&as_sdt=0,5&as_ylo=2018&as_yhi=2023&as_vis=1"
ICEL 2018 13th International Conference on e-Learning,E Ivala ,2018, 2018 ,https://books.google.co.za/books?hl=en&lr=&id=KEJmDwAAQBAJ&oi=fnd&pg=PA1&dq=%22education+technology%22+%2B+%22design+science+research%22&ots=H1gSxTkaeJ&sig=W1-lIAcJ8EL4IpVbXVzaMmW3Tzs,E Ivala  2018  books.google.com,"https://scholar.google.co.za/scholar?start=80&q=%22education+technology%22+%2B+%22design+science+research%22&hl=en&as_sdt=0,5&as_ylo=2018&as_yhi=2023&as_vis=1"
Usability research in educational technology: A state-of-the-art systematic review,"J Lu, M Schmidt, M Lee, R Huang",2022," Educational technology research and, 2022 ",https://link.springer.com/article/10.1007/s11423-022-10152-6,"J Lu, M Schmidt, M Lee, R Huang Educational technology research and, 2022  Springer","https://scholar.google.co.za/scholar?start=90&q=%22education+technology%22+%2B+%22design+science+research%22&hl=en&as_sdt=0,5&as_ylo=2018&as_yhi=2023&as_vis=1"
Higher Education Design,BD Partnerships ,, Springer,https://link.springer.com/content/pdf/10.1007/978-981-15-9216-4.pdf,BD Partnerships  Springer,"https://scholar.google.co.za/scholar?start=90&q=%22education+technology%22+%2B+%22design+science+research%22&hl=en&as_sdt=0,5&as_ylo=2018&as_yhi=2023&as_vis=1"
What is Research Rigor? Lessons for a Transdiscipline.,"TG Gill, TR Gill",2020," Informing Science, 2020 ",http://www.inform.nu/Articles/Vol23/ISJv23p047-076Gill6181.pdf,"TG Gill, TR Gill Informing Science, 2020  inform.nu","https://scholar.google.co.za/scholar?start=90&q=%22education+technology%22+%2B+%22design+science+research%22&hl=en&as_sdt=0,5&as_ylo=2018&as_yhi=2023&as_vis=1"
Monitoring Learner Interaction with Multimedia Content Using Natural Language Processing,PN Mburu ,2019, 2019 ,http://erepo.usiu.ac.ke/handle/11732/5580,PN Mburu  2019  erepo.usiu.ac.ke,"https://scholar.google.co.za/scholar?start=90&q=%22education+technology%22+%2B+%22design+science+research%22&hl=en&as_sdt=0,5&as_ylo=2018&as_yhi=2023&as_vis=1"
Teaching and Curriculum of the Preschool Physical Education Major Direction in Colleges and Universities under Virtual Reality Technology,"N Wang, MN Abdul Rahman, BH Lim",2022," Computational Intelligence and, 2022 ",https://www.hindawi.com/journals/cin/2022/3250986/,"N Wang, MN Abdul Rahman, BH Lim Computational Intelligence and, 2022  hindawi.com","https://scholar.google.co.za/scholar?start=90&q=%22education+technology%22+%2B+%22design+science+research%22&hl=en&as_sdt=0,5&as_ylo=2018&as_yhi=2023&as_vis=1"
Designing theory,"M Warr, P Mishra, B Scragg",2020," Educational Technology Research and, 2020 ",https://link.springer.com/article/10.1007/s11423-020-09746-9,"M Warr, P Mishra, B Scragg Educational Technology Research and, 2020  Springer","https://scholar.google.co.za/scholar?start=90&q=%22education+technology%22+%2B+%22design+science+research%22&hl=en&as_sdt=0,5&as_ylo=2018&as_yhi=2023&as_vis=1"
A framework for evaluating web based Applications qualitybased on usability,A Samuel ,2020, 2020 ,http://ir.bdu.edu.et/handle/123456789/12737,A Samuel  2020  ir.bdu.edu.et,"https://scholar.google.co.za/scholar?start=90&q=%22education+technology%22+%2B+%22design+science+research%22&hl=en&as_sdt=0,5&as_ylo=2018&as_yhi=2023&as_vis=1"
أثر اختلاف مستويات الدعم التکيفي وفق نمط الاستجابة وآليات تقديمه في الأنشطة الرقمية القائمة على محفزات الألعاب في تنمية مهارات تصميم مصادر التعلم الرقمية وإنتاجها …,"    ,  ",2019,"    , 2019 ",https://journals.ekb.eg/article_193597.html,"    ,      , 2019  journals.ekb.eg","https://scholar.google.co.za/scholar?start=90&q=%22education+technology%22+%2B+%22design+science+research%22&hl=en&as_sdt=0,5&as_ylo=2018&as_yhi=2023&as_vis=1"
The 5Ws of Enterprise Content Management (ECM) Research,MRM Rosman,2020," Open Journal of Science and Technology, 2020 ",https://readersinsight.net/OJST/article/view/1296,"MRM Rosman Open Journal of Science and Technology, 2020  readersinsight.net","https://scholar.google.co.za/scholar?start=90&q=%22education+technology%22+%2B+%22design+science+research%22&hl=en&as_sdt=0,5&as_ylo=2018&as_yhi=2023&as_vis=1"
Constructing a methodology for developing a cybersecurity program,P Ward ,2021, 2021 ,https://aisel.aisnet.org/hicss-54/cl/teaching_and_learning_technologies/6/,P Ward  2021  aisel.aisnet.org,"https://scholar.google.co.za/scholar?start=90&q=%22education+technology%22+%2B+%22design+science+research%22&hl=en&as_sdt=0,5&as_ylo=2018&as_yhi=2023&as_vis=1"
Supporting micro-learning access through the Ujuzi mobile app: a brokerage deployment model and pilot study for Tanzanian higher education institutions,M Ghasia ,2019, 2019 ,https://biblio.ugent.be/publication/8639005/file/8639268,M Ghasia  2019  biblio.ugent.be,"https://scholar.google.co.za/scholar?start=100&q=%22education+technology%22+%2B+%22design+science+research%22&hl=en&as_sdt=0,5&as_ylo=2018&as_yhi=2023&as_vis=1"
Assessing the Design Solution,"D Hathaway, P Norton",2018," Understanding Problems of Practice, 2018 ",https://link.springer.com/chapter/10.1007/978-3-319-77559-3_4,"D Hathaway, P Norton Understanding Problems of Practice, 2018  Springer","https://scholar.google.co.za/scholar?start=100&q=%22education+technology%22+%2B+%22design+science+research%22&hl=en&as_sdt=0,5&as_ylo=2018&as_yhi=2023&as_vis=1"
Developing LeVo Game as Media Vocabulary Learning for Junior High School Students,"SN Wicaksono, R Kuswardani ",, ejournalunesaacid,https://ejournal.unesa.ac.id/index.php/retain/article/view/40755,"SN Wicaksono, R Kuswardani  ejournal.unesa.ac.id","https://scholar.google.co.za/scholar?start=100&q=%22education+technology%22+%2B+%22design+science+research%22&hl=en&as_sdt=0,5&as_ylo=2018&as_yhi=2023&as_vis=1"
Aligning the Design of Educational Robotics Tools With Classroom Activities,"C Giang, A Piatti, F Mondada",2022," Designing, Constructing, and, 2022 ",https://www.igi-global.com/chapter/aligning-the-design-of-educational-robotics-tools-with-classroom-activities/292200,"C Giang, A Piatti, F Mondada Designing, Constructing, and, 2022  igiglobal.com","https://scholar.google.co.za/scholar?start=100&q=%22education+technology%22+%2B+%22design+science+research%22&hl=en&as_sdt=0,5&as_ylo=2018&as_yhi=2023&as_vis=1"
"M. Shoja, FH Lotfi, AG Abri, AR Komijan"," ,  ,   ",, bijournalhseru,https://bijournal.hse.ru/data/2021/10/01/1476150282/BI%203_2021%20RU-seit.pdf," ,  ,    bijournal.hse.ru","https://scholar.google.co.za/scholar?start=100&q=%22education+technology%22+%2B+%22design+science+research%22&hl=en&as_sdt=0,5&as_ylo=2018&as_yhi=2023&as_vis=1"
Exploration of Optimized Teaching Mode in Applied Technology Colleges Under the Background of Big Data,"H Li, X Han, Y Tang, Y Yu",2022," Innovative Computing, 2022 ",https://link.springer.com/chapter/10.1007/978-981-16-4258-6_108,"H Li, X Han, Y Tang, Y Yu Innovative Computing, 2022  Springer","https://scholar.google.co.za/scholar?start=100&q=%22education+technology%22+%2B+%22design+science+research%22&hl=en&as_sdt=0,5&as_ylo=2018&as_yhi=2023&as_vis=1"
Arquitetura para análise de aprendizagem no uso de laboratórios remotos,LM Carlos ,2020, 2020 ,https://repositorio.ufsc.br/handle/123456789/216386,LM Carlos  2020  repositorio.ufsc.br,"https://scholar.google.co.za/scholar?start=100&q=%22education+technology%22+%2B+%22design+science+research%22&hl=en&as_sdt=0,5&as_ylo=2018&as_yhi=2023&as_vis=1"
Reusable Learning Object Metadata Adaptation for Higher Education Instructional Design.,"JT Lubega, JE Agaba ",2018, 2018 ,https://pub.nkumbauniversity.ac.ug/handle/123456789/281,"JT Lubega, JE Agaba  2018  pub.nkumbauniversity.ac.ug","https://scholar.google.co.za/scholar?start=100&q=%22education+technology%22+%2B+%22design+science+research%22&hl=en&as_sdt=0,5&as_ylo=2018&as_yhi=2023&as_vis=1"
[BOOK][B] On Designing Educational Portals for Self-Management of Type 2 Diabetes: Lessons Learnt from an Iranian Context,J Jafari ,2021, 2021 ,https://search.proquest.com/openview/ae7890d1dd99a537a2744d2d3a428159/1?pq-origsite=gscholar&cbl=2026366&diss=y,J Jafari  2021  search.proquest.com,"https://scholar.google.co.za/scholar?start=100&q=%22education+technology%22+%2B+%22design+science+research%22&hl=en&as_sdt=0,5&as_ylo=2018&as_yhi=2023&as_vis=1"
Towards Realizing Digital Voting: Assessing Readiness of Blockchain Enabled Voting,"E Lundmark, J Niia ",2020, 2020 ,https://www.diva-portal.org/smash/record.jsf?pid=diva2:1474566,"E Lundmark, J Niia  2020  divaportal.org","https://scholar.google.co.za/scholar?start=100&q=%22education+technology%22+%2B+%22design+science+research%22&hl=en&as_sdt=0,5&as_ylo=2018&as_yhi=2023&as_vis=1"
Students' Professional Certification (SCert) in IS Higher Education,"A Grotta, EPV Prado, F Sambinelli ",2022, 2022 ,https://aisel.aisnet.org/isla2022/18/,"A Grotta, EPV Prado, F Sambinelli  2022  aisel.aisnet.org","https://scholar.google.co.za/scholar?start=110&q=%22education+technology%22+%2B+%22design+science+research%22&hl=en&as_sdt=0,5&as_ylo=2018&as_yhi=2023&as_vis=1"
"Multi-Factor Biometrics for Enhanced User Authentication in an E-Health System, Ghana","L Kwao, R Millham, D Oppong",2020," International Journal of, 2020 ",https://papers.ssrn.com/sol3/papers.cfm?abstract_id=3687496,"L Kwao, R Millham, D Oppong International Journal of, 2020  papers.ssrn.com","https://scholar.google.co.za/scholar?start=110&q=%22education+technology%22+%2B+%22design+science+research%22&hl=en&as_sdt=0,5&as_ylo=2018&as_yhi=2023&as_vis=1"
YouTube as an instrument of learning in higher education: opportunities and challenges,"D Rudenkin, V Grushevskaya ",2019, 2019 ,https://elar.urfu.ru/handle/10995/101606,"D Rudenkin, V Grushevskaya  2019  elar.urfu.ru","https://scholar.google.co.za/scholar?start=110&q=%22education+technology%22+%2B+%22design+science+research%22&hl=en&as_sdt=0,5&as_ylo=2018&as_yhi=2023&as_vis=1"
Basic classes in conceptual modeling: theory and practical guidelines,"A Castellanos, MC Tremblay",2020," Journal of the, 2020 ",https://aisel.aisnet.org/jais/vol21/iss4/3/?fbclid=IwAR34T2yzBb4WsBj9u6rL2ccoQ7mpZd2muRvYHoqL60Wh-wbQ1FiO2qkQqs8,"A Castellanos, MC Tremblay Journal of the, 2020  aisel.aisnet.org","https://scholar.google.co.za/scholar?start=110&q=%22education+technology%22+%2B+%22design+science+research%22&hl=en&as_sdt=0,5&as_ylo=2018&as_yhi=2023&as_vis=1"
Improving The Management Quality of Research And Community Service Institute using SIMPEMAS,"D Ardiansyah, P Harsani, AT Bon ",, ieomsocietyorg,http://ieomsociety.org/harare2020/papers/429.pdf,"D Ardiansyah, P Harsani, AT Bon  ieomsociety.org","https://scholar.google.co.za/scholar?start=110&q=%22education+technology%22+%2B+%22design+science+research%22&hl=en&as_sdt=0,5&as_ylo=2018&as_yhi=2023&as_vis=1"
Changes in the Education Landscape Caused by COVID-19: Opportunities and Challenges from UAE Perspective.,"AK Abdallah, R Alriyami",2022," World Journal on Educational Technology Current, 2022 ",https://eric.ed.gov/?id=EJ1355680,"AK Abdallah, R Alriyami World Journal on Educational Technology Current, 2022  ERIC","https://scholar.google.co.za/scholar?start=110&q=%22education+technology%22+%2B+%22design+science+research%22&hl=en&as_sdt=0,5&as_ylo=2018&as_yhi=2023&as_vis=1"
Design Thinking Approaches in Education and Their Challenges: A Systematic Literature,"NH Razali, NNN Ali, SK Safiyuddin, F Khalid ",2022, 2022 ,https://www.scirp.org/pdf/ce_2022072515551020.pdf,"NH Razali, NNN Ali, SK Safiyuddin, F Khalid  2022  scirp.org","https://scholar.google.co.za/scholar?start=110&q=%22education+technology%22+%2B+%22design+science+research%22&hl=en&as_sdt=0,5&as_ylo=2018&as_yhi=2023&as_vis=1"
Design of Citizen Database for Forest Incident Reporting System in Finland,"N Tiufiakov, A Gorbulin, S Aryal",2019," Information, 2019 ",https://ebooks.iospress.nl/doi/10.3233/978-1-61499-933-1-521,"N Tiufiakov, A Gorbulin, S Aryal Information, 2019  ebooks.iospress.nl","https://scholar.google.co.za/scholar?start=110&q=%22education+technology%22+%2B+%22design+science+research%22&hl=en&as_sdt=0,5&as_ylo=2018&as_yhi=2023&as_vis=1"
Programavimo mokymosi objektai mokslinės kompiuterijos mokymui: mokslinio tyrimo studijos naudojant stochastinius rekurentinius modelius,V Dolgopolovas ,2018, 2018 ,https://epublications.vu.lt/object/elaba:29817386/,V Dolgopolovas  2018  epublications.vu.lt,"https://scholar.google.co.za/scholar?start=110&q=%22education+technology%22+%2B+%22design+science+research%22&hl=en&as_sdt=0,5&as_ylo=2018&as_yhi=2023&as_vis=1"
Examining Visualization and User Interaction Techniques for Exploring Open Aid Data: Case of Kenya,SO Mogaka ,2019, 2019 ,http://41.204.183.105/handle/11732/6752,SO Mogaka  2019  41.204.183.105,"https://scholar.google.co.za/scholar?start=110&q=%22education+technology%22+%2B+%22design+science+research%22&hl=en&as_sdt=0,5&as_ylo=2018&as_yhi=2023&as_vis=1"
Factors that enable knowledge creation in higher education: a structural model,"FN Thani, SM Mirkamali",2018," Data Technologies and Applications, 2018 ",https://www.emerald.com/insight/content/doi/10.1108/DTA-10-2016-0068/full/html,"FN Thani, SM Mirkamali Data Technologies and Applications, 2018  emerald.com","https://scholar.google.co.za/scholar?start=120&q=%22education+technology%22+%2B+%22design+science+research%22&hl=en&as_sdt=0,5&as_ylo=2018&as_yhi=2023&as_vis=1"
EFFECTIVENESS OF STEM COURSEWARE BASED ON EDUGAME AND ASSISTIVE APPROACH,A VINOTHKUMAR ,2018, 2018 ,https://core.ac.uk/download/pdf/199242796.pdf,A VINOTHKUMAR  2018  core.ac.uk,"https://scholar.google.co.za/scholar?start=120&q=%22education+technology%22+%2B+%22design+science+research%22&hl=en&as_sdt=0,5&as_ylo=2018&as_yhi=2023&as_vis=1"
Nonlinear storytelling approach to developing computational thinking skills,M Letonsaari,2021," Helsinki Studies in Education, 2021 ",https://helda.helsinki.fi/handle/10138/329961,"M Letonsaari Helsinki Studies in Education, 2021  helda.helsinki.fi","https://scholar.google.co.za/scholar?start=120&q=%22education+technology%22+%2B+%22design+science+research%22&hl=en&as_sdt=0,5&as_ylo=2018&as_yhi=2023&as_vis=1"
IT Application for Organizing of Research Competitions,"D Luchaninov, R Bazhenov, V Glagolev",2019, Multi,https://ieeexplore.ieee.org/abstract/document/8934078/,"D Luchaninov, R Bazhenov, V Glagolev MultiConference on, 2019  ieeexplore.ieee.org","https://scholar.google.co.za/scholar?start=120&q=%22education+technology%22+%2B+%22design+science+research%22&hl=en&as_sdt=0,5&as_ylo=2018&as_yhi=2023&as_vis=1"
Implementación de un modelo analítico para la predicción de la venta del portafolio de productos OTC de un Laboratorio Farmacéutico,KG Molina Rea ,2020, 2020 ,http://repositorio.espe.edu.ec/bitstream/21000/22561/1/T-ESPE-043875.pdf,KG Molina Rea  2020  repositorio.espe.edu.ec,"https://scholar.google.co.za/scholar?start=120&q=%22education+technology%22+%2B+%22design+science+research%22&hl=en&as_sdt=0,5&as_ylo=2018&as_yhi=2023&as_vis=1"
A Serious Game for Teaching Genetic Algorithms,"L Moser, K Saner, V Oggier, T Hanne",2021," Proceedings of the Future, 2021 ",https://link.springer.com/chapter/10.1007/978-3-030-89912-7_57,"L Moser, K Saner, V Oggier, T Hanne Proceedings of the Future, 2021  Springer","https://scholar.google.co.za/scholar?start=120&q=%22education+technology%22+%2B+%22design+science+research%22&hl=en&as_sdt=0,5&as_ylo=2018&as_yhi=2023&as_vis=1"
Information system framework for training teachers on computational thinking,U Ling,2021,"Ling, J Labadin, FS Mohamad",https://www.ceeol.com/search/article-detail?id=982250,"U LingLing, J Labadin, FS Mohamad Sci. Res. J, 2021  ceeol.com","https://scholar.google.co.za/scholar?start=120&q=%22education+technology%22+%2B+%22design+science+research%22&hl=en&as_sdt=0,5&as_ylo=2018&as_yhi=2023&as_vis=1"
The utilization of BIM to achieve prescribed undergraduate learning outcomes,"SP Coates, S Biscaya, A Rachid ",2018, 2018 ,http://usir.salford.ac.uk/id/eprint/48318/,"SP Coates, S Biscaya, A Rachid  2018  usir.salford.ac.uk","https://scholar.google.co.za/scholar?start=120&q=%22education+technology%22+%2B+%22design+science+research%22&hl=en&as_sdt=0,5&as_ylo=2018&as_yhi=2023&as_vis=1"
Data Sharing for Learning Analytics–Exploring Risks and Benefits through Questioning,"T Hoel, W Chen, J Mason",2020," Privacy for Learning Analytics in the Age of Big, 2020 ",https://jyx.jyu.fi/bitstream/handle/123456789/69680/1/978-951-39-8190-7_vaitos12062020.pdf#page=64,"T Hoel, W Chen, J Mason Privacy for Learning Analytics in the Age of Big, 2020  jyx.jyu.fi","https://scholar.google.co.za/scholar?start=120&q=%22education+technology%22+%2B+%22design+science+research%22&hl=en&as_sdt=0,5&as_ylo=2018&as_yhi=2023&as_vis=1"
Virtual Reality With Horizons Architecture for Educational Innovation,"EO Lopez Caudana, MS Ramrez Montoya ",2021, 2021 ,https://repositorio.tec.mx/handle/11285/637044,"EO Lopez Caudana, MS Ramrez Montoya  2021  repositorio.tec.mx","https://scholar.google.co.za/scholar?start=120&q=%22education+technology%22+%2B+%22design+science+research%22&hl=en&as_sdt=0,5&as_ylo=2018&as_yhi=2023&as_vis=1"
Improvements in introductory programming course: action research insights and outcomes,SI Malik,2018," Systemic Practice and Action Research, 2018 ",https://link.springer.com/article/10.1007/s11213-018-9446-y,"SI Malik Systemic Practice and Action Research, 2018  Springer","https://scholar.google.co.za/scholar?start=130&q=%22education+technology%22+%2B+%22design+science+research%22&hl=en&as_sdt=0,5&as_ylo=2018&as_yhi=2023&as_vis=1"
Gamification Framework for Management Practice.,"RP Marcao, G Pestana",2021," Journal of Information, 2021 ",https://search.ebscohost.com/login.aspx?direct=true&profile=ehost&scope=site&authtype=crawler&jrnl=10162364&AN=152343467&h=m%2FbgtaI%2BgVp8NrmpRECXPW8%2FDPmfo2bqdgc8bb6v%2BRl9%2BhfOiZxjAbIqR%2BlEhE3%2FkegfKMqi6X15476QjPDkQA%3D%3D&crl=c,"RP Marcao, G Pestana Journal of Information, 2021  search.ebscohost.com","https://scholar.google.co.za/scholar?start=130&q=%22education+technology%22+%2B+%22design+science+research%22&hl=en&as_sdt=0,5&as_ylo=2018&as_yhi=2023&as_vis=1"
Designing cognitive cities,"ME Tabacchi, E Portmann, R Seising",2019," Designing cognitive, 2019 ",https://link.springer.com/chapter/10.1007/978-3-030-00317-3_1,"ME Tabacchi, E Portmann, R Seising Designing cognitive, 2019  Springer","https://scholar.google.co.za/scholar?start=130&q=%22education+technology%22+%2B+%22design+science+research%22&hl=en&as_sdt=0,5&as_ylo=2018&as_yhi=2023&as_vis=1"
Maturity models for improving the quality of digital teaching,"F Snchez Puchol, JA Pastor Collado",2018," and support for, 2018 ",https://upcommons.upc.edu/handle/2117/133380,"F Snchez Puchol, JA Pastor Collado and support for, 2018  upcommons.upc.edu","https://scholar.google.co.za/scholar?start=130&q=%22education+technology%22+%2B+%22design+science+research%22&hl=en&as_sdt=0,5&as_ylo=2018&as_yhi=2023&as_vis=1"
Recommender systems for engineering education,"RI Mogo, CN Bodea",2019," Rev Roum Sci Technlectrotechn et, 2019 ",http://revue.elth.pub.ro/upload/94857220_RMogos_RRST_4_2019_pp_435-442.pdf,"RI Mogo, CN Bodea Rev. Roum. Sci. Techn.lectrotechn. et, 2019  revue.elth.pub.ro","https://scholar.google.co.za/scholar?start=130&q=%22education+technology%22+%2B+%22design+science+research%22&hl=en&as_sdt=0,5&as_ylo=2018&as_yhi=2023&as_vis=1"
Maturity Models for Improving the Quality of Digital Teaching,"FS Puchol, JAP Collado, LG Ortiz",2018," EDEN Conference Proceedings, 2018 ",https://www.eden-online.org/proc-2485/index.php/PROC/article/view/1683,"FS Puchol, JAP Collado, LG Ortiz EDEN Conference Proceedings, 2018  edenonline.org","https://scholar.google.co.za/scholar?start=130&q=%22education+technology%22+%2B+%22design+science+research%22&hl=en&as_sdt=0,5&as_ylo=2018&as_yhi=2023&as_vis=1"
Evaluating a tactile and a tangible multi-tablet gamified quiz system for collaborative learning in primary education,F Garcia,2018,"Sanjuan, S Jurdi, J Jaen, V Nacher",https://www.sciencedirect.com/science/article/pii/S036013151830099X,"F GarciaSanjuan, S Jurdi, J Jaen, V Nacher Computers  Education, 2018  Elsevier","https://scholar.google.co.za/scholar?start=130&q=%22education+technology%22+%2B+%22design+science+research%22&hl=en&as_sdt=0,5&as_ylo=2018&as_yhi=2023&as_vis=1"
"Computing Education Research Compiled: Keyword Trends, Building Blocks, Creators, and Dissemination","M Apiola, M Saqr, S Lpez",2022,"Pernas, M Tedre",https://ieeexplore.ieee.org/abstract/document/9729804/,"M Apiola, M Saqr, S LpezPernas, M Tedre IEEE Access, 2022  ieeexplore.ieee.org","https://scholar.google.co.za/scholar?start=130&q=%22education+technology%22+%2B+%22design+science+research%22&hl=en&as_sdt=0,5&as_ylo=2018&as_yhi=2023&as_vis=1"
"Printable Table of Contents. JITE: Research, Volume 21, 2022","C Cheong, KD Cuervo",2022,Cely,http://www.informingscience.org/Publications?Type=JournalArticles&JournalID=4,"C Cheong, KD CuervoCely Journal of, 2022  informingscience.org","https://scholar.google.co.za/scholar?start=130&q=%22education+technology%22+%2B+%22design+science+research%22&hl=en&as_sdt=0,5&as_ylo=2018&as_yhi=2023&as_vis=1"
Otomind: A Text Mining Approach to Automatic Concept Mapping,"V Kasinathan, A Mustapha, T Appalasamy",2022," Mathematical, 2022 ",http://www.philstat.org.ph/index.php/MSEA/article/view/79,"V Kasinathan, A Mustapha, T Appalasamy Mathematical, 2022  philstat.org.ph","https://scholar.google.co.za/scholar?start=130&q=%22education+technology%22+%2B+%22design+science+research%22&hl=en&as_sdt=0,5&as_ylo=2018&as_yhi=2023&as_vis=1"
Interfaces auditivas para elementos de workspace awareness acessíveis aos cegos em ferramentas de modelagem colaborativa de diagramas,MJR Torres ,2020, 2020 ,http://repositorio.furg.br/handle/1/9991,MJR Torres  2020  repositorio.furg.br,"https://scholar.google.co.za/scholar?start=140&q=%22education+technology%22+%2B+%22design+science+research%22&hl=en&as_sdt=0,5&as_ylo=2018&as_yhi=2023&as_vis=1"
Designing Stakeholder Engagement Framework for Technology Leadership Competencies,"MM Conde, MR Batino, NB Santos",2021," International Journal in Information, 2021 ",http://www.ijitgeb.org/ijitgeb/article/view/81,"MM Conde, MR Batino, NB Santos International Journal in Information, 2021  ijitgeb.org","https://scholar.google.co.za/scholar?start=140&q=%22education+technology%22+%2B+%22design+science+research%22&hl=en&as_sdt=0,5&as_ylo=2018&as_yhi=2023&as_vis=1"
The influence of virtual reality on design process creativity in basic design education,S Obeid ,2019, 2019 ,https://search.proquest.com/openview/d7bdb3164864a1c087711c704b510716/1?pq-origsite=gscholar&cbl=2026366&diss=y,S Obeid  2019  search.proquest.com,"https://scholar.google.co.za/scholar?start=140&q=%22education+technology%22+%2B+%22design+science+research%22&hl=en&as_sdt=0,5&as_ylo=2018&as_yhi=2023&as_vis=1"
World Journal on Educational Technology: Current Issues,"AK Abdallah, R Alriyami ",2022, 2022 ,https://www.ceeol.com/search/article-detail?id=1049272,"AK Abdallah, R Alriyami  2022  ceeol.com","https://scholar.google.co.za/scholar?start=140&q=%22education+technology%22+%2B+%22design+science+research%22&hl=en&as_sdt=0,5&as_ylo=2018&as_yhi=2023&as_vis=1"
AN INNOVATIVE FRAMEWORK FOR ONLINE EXAMINATION IN A HIGHER EDUCATION SETTING: A RESPONSE TO THE COVID-19 CRISIS.,"K Fahd, S Parvin, S Venkatraman",2021," Journal of Institutional, 2021 ",http://www.seaairweb.info/journal/articles/JIRSEA_v19_n02/JIRSEA_v19_n02_All.pdf#page=110,"K Fahd, S Parvin, S Venkatraman Journal of Institutional, 2021  seaairweb.info","https://scholar.google.co.za/scholar?start=140&q=%22education+technology%22+%2B+%22design+science+research%22&hl=en&as_sdt=0,5&as_ylo=2018&as_yhi=2023&as_vis=1"
First in-depth analysis of enterprise architectures and models for higher education institutions,F Sanchez,2018,"Puchol, JA Pastor",http://www.iadisportal.org/ijcsis/papers/2018130203.pdf,"F SanchezPuchol, JA PastorCollado International Journal on, 2018  iadisportal.org","https://scholar.google.co.za/scholar?start=140&q=%22education+technology%22+%2B+%22design+science+research%22&hl=en&as_sdt=0,5&as_ylo=2018&as_yhi=2023&as_vis=1"
Evaluating CodeClusters for Effectively Providing Feedback on Code Submissions,"T Koivisto, A Hellas",2022," 2022 IEEE Frontiers in Education, 2022 ",https://ieeexplore.ieee.org/abstract/document/9962751/,"T Koivisto, A Hellas 2022 IEEE Frontiers in Education, 2022  ieeexplore.ieee.org","https://scholar.google.co.za/scholar?start=140&q=%22education+technology%22+%2B+%22design+science+research%22&hl=en&as_sdt=0,5&as_ylo=2018&as_yhi=2023&as_vis=1"
Distributed Industrial System Architectures: Exploiting Information and Knowledge to Increase Efficiency,P Kannisto ,2019, 2019 ,https://researchportal.tuni.fi/files/20800826/978_952_03_1221_3.pdf,P Kannisto  2019  researchportal.tuni.fi,"https://scholar.google.co.za/scholar?start=140&q=%22education+technology%22+%2B+%22design+science+research%22&hl=en&as_sdt=0,5&as_ylo=2018&as_yhi=2023&as_vis=1"
Inteligencia Artificial y la aplicabilidad en Sistemas de Recomendación: la práctica sistemática de Aseguramiento del Aprendizaje en contextos adaptativos …,FC Fresneda Botaro ,2022, 2022 ,https://repositorio.grial.eu/handle/grial/2809,FC Fresneda Botaro  2022  repositorio.grial.eu,"https://scholar.google.co.za/scholar?start=140&q=%22education+technology%22+%2B+%22design+science+research%22&hl=en&as_sdt=0,5&as_ylo=2018&as_yhi=2023&as_vis=1"
An early warning system to identify and intervene online dropout learners,D Baeres,2023," International, 2023 ",https://educationaltechnologyjournal.springeropen.com/articles/10.1186/s41239-022-00371-5,"D Baeres International, 2023  educationaltechnologyjournal","https://scholar.google.co.za/scholar?start=140&q=%22education+technology%22+%2B+%22design+science+research%22&hl=en&as_sdt=0,5&as_ylo=2018&as_yhi=2023&as_vis=1"
"Intellectual Disability, Digital Technologies, And Independent Transportation–A Scoping Review","MC Safari, S Wass, S Haugland, E Thygesen ",2023, 2023 ,https://scholarspace.manoa.hawaii.edu/bitstreams/6d0431c9-380a-4341-bc7b-634f0fa0323f/download,"MC Safari, S Wass, S Haugland, E Thygesen  2023  scholarspace.manoa.hawaii.edu","https://scholar.google.co.za/scholar?start=150&q=%22education+technology%22+%2B+%22design+science+research%22&hl=en&as_sdt=0,5&as_ylo=2018&as_yhi=2023&as_vis=1"
Skills development challenges and their mitigation in informal micro enterprises in Tanzania,MS Msuya,2019," Business Education Journal, 2019 ",https://www.cbe.ac.tz/bej/index.php/bej/article/view/169,"MS Msuya Business Education Journal, 2019  cbe.ac.tz","https://scholar.google.co.za/scholar?start=150&q=%22education+technology%22+%2B+%22design+science+research%22&hl=en&as_sdt=0,5&as_ylo=2018&as_yhi=2023&as_vis=1"
Students from central asia in russian universities: Social media as a tool for adjustment,"G Savchuk, O Iakimova, A Yufereva ",2019, 2019 ,https://elar.urfu.ru/handle/10995/101604,"G Savchuk, O Iakimova, A Yufereva  2019  elar.urfu.ru","https://scholar.google.co.za/scholar?start=150&q=%22education+technology%22+%2B+%22design+science+research%22&hl=en&as_sdt=0,5&as_ylo=2018&as_yhi=2023&as_vis=1"
Videos with Hands: an Analysis of Usage and Interactions of Undergraduate Science Students for Acquiring Physics Knowledge,"V Garcia, J Conesa, A Perez",2022,Navarro,https://link.springer.com/article/10.1007/s10956-022-09966-z,"V Garcia, J Conesa, A PerezNavarro Journal of Science Education and, 2022  Springer","https://scholar.google.co.za/scholar?start=150&q=%22education+technology%22+%2B+%22design+science+research%22&hl=en&as_sdt=0,5&as_ylo=2018&as_yhi=2023&as_vis=1"
[BOOK][B] Online Learning Analytics,J Liebowitz ,2021, 2021 ,https://books.google.co.za/books?hl=en&lr=&id=PapHEAAAQBAJ&oi=fnd&pg=PP1&dq=%22education+technology%22+%2B+%22design+science+research%22&ots=7X8BJ6X12-&sig=4qz95xbtH0rt4Uz-TycInptRRSI,J Liebowitz  2021  books.google.com,"https://scholar.google.co.za/scholar?start=150&q=%22education+technology%22+%2B+%22design+science+research%22&hl=en&as_sdt=0,5&as_ylo=2018&as_yhi=2023&as_vis=1"
"Development of “LvL UP”, a smartphone-based, conversational agent-delivered holistic lifestyle intervention for the prevention of non-communicable diseases and …",O Castro ,2022, 2022 ,https://osf.io/preprints/k5cnm/,O Castro  2022  osf.io,"https://scholar.google.co.za/scholar?start=150&q=%22education+technology%22+%2B+%22design+science+research%22&hl=en&as_sdt=0,5&as_ylo=2018&as_yhi=2023&as_vis=1"
"Printable Table of Contents: Informing Science Journal, Volume 26, 2023",M QIN,2023," IJIKM, 2023 ",https://www.informingscience.org/Publications?Type=ConferenceProceedings&ConferenceID=47,"M QIN IJIKM, 2023  informingscience.org","https://scholar.google.co.za/scholar?start=150&q=%22education+technology%22+%2B+%22design+science+research%22&hl=en&as_sdt=0,5&as_ylo=2018&as_yhi=2023&as_vis=1"
"The Modification of LMS Quipperschool to Improve Senior High School Students' Concept Mastery of Biology Subject, Topic: Human Reproduction Health",ML Hidayat,2018," Journal of Educational Science and Technology EST, 2018 ",https://core.ac.uk/download/pdf/304773066.pdf,"ML Hidayat Journal of Educational Science and Technology EST, 2018  core.ac.uk","https://scholar.google.co.za/scholar?start=150&q=%22education+technology%22+%2B+%22design+science+research%22&hl=en&as_sdt=0,5&as_ylo=2018&as_yhi=2023&as_vis=1"
AUTHORING ENVIRONMENT FOR CASUAL USERS TO STEER THE PERSONALIZED DELIVERY OF LEARNING ACTIVITIES IN A MOBILE 2.0 …,P PIETERS ,2018, 2018 ,https://wise.vub.ac.be/sites/default/files/theses/ThesisPieters_0.pdf,P PIETERS  2018  wise.vub.ac.be,"https://scholar.google.co.za/scholar?start=150&q=%22education+technology%22+%2B+%22design+science+research%22&hl=en&as_sdt=0,5&as_ylo=2018&as_yhi=2023&as_vis=1"
A Validated Ontology for Metareasoning in Intelligent Systems,"MF Caro, MT Cox, RE Toscano",2022,Miranda,https://www.mdpi.com/article/10.3390/jintelligence10040113,"MF Caro, MT Cox, RE ToscanoMiranda Journal of Intelligence, 2022  mdpi.com","https://scholar.google.co.za/scholar?start=150&q=%22education+technology%22+%2B+%22design+science+research%22&hl=en&as_sdt=0,5&as_ylo=2018&as_yhi=2023&as_vis=1"
Factors Affecting Information System Management and Organizational Assessment Criteria related to Information System Management of Thai State Enterprises,"C Rodmorn, N Porrawatpreyakorn",2019," Progress in Applied, 2019 ",https://ph02.tci-thaijo.org/index.php/past/article/view/242988,"C Rodmorn, N Porrawatpreyakorn Progress in Applied, 2019  ph02.tcithaijo.org","https://scholar.google.co.za/scholar?start=160&q=%22education+technology%22+%2B+%22design+science+research%22&hl=en&as_sdt=0,5&as_ylo=2018&as_yhi=2023&as_vis=1"
An architectural framework for developing a recommendation system to enhance vendors' capability in C2C social commerce,"S Sukrat, B Papasratorn",2018," Social Network Analysis and Mining, 2018 ",https://link.springer.com/article/10.1007/s13278-018-0500-7,"S Sukrat, B Papasratorn Social Network Analysis and Mining, 2018  Springer","https://scholar.google.co.za/scholar?start=160&q=%22education+technology%22+%2B+%22design+science+research%22&hl=en&as_sdt=0,5&as_ylo=2018&as_yhi=2023&as_vis=1"
Detection of Facial Emotions while reading online text,S Bhadur ,2021, 2021 ,https://erepo.uef.fi/bitstream/handle/123456789/25217/urn_nbn_fi_uef-20210672.pdf?sequence=1,S Bhadur  2021  erepo.uef.fi,"https://scholar.google.co.za/scholar?start=160&q=%22education+technology%22+%2B+%22design+science+research%22&hl=en&as_sdt=0,5&as_ylo=2018&as_yhi=2023&as_vis=1"
New empirical data findings for student experiences of e-learning analytics recommender systems and their impact on system adoption,"H Alharbi, K Sandhu",2019," International Journal of Innovation in the, 2019 ",https://www.igi-global.com/article/new-empirical-data-findings-for-student-experiences-of-e-learning-analytics-recommender-systems-and-their-impact-on-system-adoption/223436,"H Alharbi, K Sandhu International Journal of Innovation in the, 2019  igiglobal.com","https://scholar.google.co.za/scholar?start=160&q=%22education+technology%22+%2B+%22design+science+research%22&hl=en&as_sdt=0,5&as_ylo=2018&as_yhi=2023&as_vis=1"
Cyber Incident Handling Framework for Schools in South Africa: Views of Experts,N Sonhera,2022," Journal of Higher Education Theory and Practice, 2022 ",https://search.proquest.com/openview/0cd1f1ffdaba0df67996dda8f7a98a7b/1?pq-origsite=gscholar&cbl=766331,"N Sonhera Journal of Higher Education Theory and Practice, 2022  search.proquest.com","https://scholar.google.co.za/scholar?start=160&q=%22education+technology%22+%2B+%22design+science+research%22&hl=en&as_sdt=0,5&as_ylo=2018&as_yhi=2023&as_vis=1"
Clinical-chatbot AHP evaluation based on” quality in use” of ISO/IEC 25010,"V Santa Barletta, D Caivano, L Colizzi",2022," International Journal of, 2022 ",https://www.sciencedirect.com/science/article/pii/S1386505622002659,"V Santa Barletta, D Caivano, L Colizzi International Journal of, 2022  Elsevier","https://scholar.google.co.za/scholar?start=160&q=%22education+technology%22+%2B+%22design+science+research%22&hl=en&as_sdt=0,5&as_ylo=2018&as_yhi=2023&as_vis=1"
Effectiveness of different types of Augmentative and Alternative Communication (AAC) in improving communication skills and in enhancing the vocabulary of children …,CK Syriopoulou,2022,"Delli, G Eleni",https://link.springer.com/article/10.1007/s40489-021-00269-4,"CK SyriopoulouDelli, G Eleni Review Journal of Autism and, 2022  Springer","https://scholar.google.co.za/scholar?start=160&q=%22education+technology%22+%2B+%22design+science+research%22&hl=en&as_sdt=0,5&as_ylo=2018&as_yhi=2023&as_vis=1"
Understanding E-learning Acceptance by Students: Relationships among Dominant Human and Social Components.,"G Olasina, A Oyewumi Aboyeji",2020," Ubiquitous Learning An, 2020 ",https://search.ebscohost.com/login.aspx?direct=true&profile=ehost&scope=site&authtype=crawler&jrnl=18359795&AN=146202185&h=9WiTcY69pEtS7M3yr4Z1frwPRY5kBqjlkGm3efeV26QEyV1RnwDlBWigkhTm7ClhVUswSFm3kahTADrw6Fd7bQ%3D%3D&crl=c,"G Olasina, A Oyewumi Aboyeji Ubiquitous Learning An, 2020  search.ebscohost.com","https://scholar.google.co.za/scholar?start=160&q=%22education+technology%22+%2B+%22design+science+research%22&hl=en&as_sdt=0,5&as_ylo=2018&as_yhi=2023&as_vis=1"
การ บริหาร จัดการ สารสนเทศ เพื่อ ยก ระดับ คุณภาพ องค์กร ของ รัฐวิสาหกิจ ไทย: การ ทบทวน วรรณกรรม อย่าง เป็น ระบบ,    ,2018,"   , 2018 ",https://li01.tci-thaijo.org/index.php/sci_ubu/article/view/182398,"       , 2018  li01.tcithaijo.org","https://scholar.google.co.za/scholar?start=160&q=%22education+technology%22+%2B+%22design+science+research%22&hl=en&as_sdt=0,5&as_ylo=2018&as_yhi=2023&as_vis=1"
Trust in Google-A Textual Analysis of News Articles About Cyberbullying.,"J Stegmair, VR Prybutok",2022," Informing Sci Int J an Emerg, 2022 ",https://www.informingscience.org/Publications?Search=education,"J Stegmair, VR Prybutok Informing Sci. Int. J. an Emerg, 2022  informingscience.org","https://scholar.google.co.za/scholar?start=160&q=%22education+technology%22+%2B+%22design+science+research%22&hl=en&as_sdt=0,5&as_ylo=2018&as_yhi=2023&as_vis=1"
“Starting to Connect the Dots”: Using Virtual Reality to Engage Students in Deep Learning and Literature Appreciation,RR TATRO,2022,DUARTE ,https://search.proquest.com/openview/129357adb72344eaa0cea18521630bc9/1.pdf?pq-origsite=gscholar&cbl=18750&diss=y,RR TATRODUARTE  2022  search.proquest.com,"https://scholar.google.co.za/scholar?start=170&q=%22education+technology%22+%2B+%22design+science+research%22&hl=en&as_sdt=0,5&as_ylo=2018&as_yhi=2023&as_vis=1"
"HERD BEHAVIOR AND INDIVIDUALS'INFORMATION SYSTEM BEHAVIORS: USAGE, ABANDONMENT, AND EXPLORATION INTENTIONS",M Darbanhosseiniamirkhiz ,2018, 2018 ,https://rave.ohiolink.edu/etdc/view?acc_num=kent152734651698857,M Darbanhosseiniamirkhiz  2018  rave.ohiolink.edu,"https://scholar.google.co.za/scholar?start=170&q=%22education+technology%22+%2B+%22design+science+research%22&hl=en&as_sdt=0,5&as_ylo=2018&as_yhi=2023&as_vis=1"
Blended Learning: una revisión cienciométrica,"JCV Caar, ACS Rocha, OV Rodrguez",2022," , 2022 ",https://revistas.unilibre.edu.co/index.php/interfaces/article/view/9458,"JCV Caar, ACS Rocha, OV Rodrguez , 2022  revistas.unilibre.edu.co","https://scholar.google.co.za/scholar?start=170&q=%22education+technology%22+%2B+%22design+science+research%22&hl=en&as_sdt=0,5&as_ylo=2018&as_yhi=2023&as_vis=1"
Servizi basati sull'AI per aiutare i maturandi italiani nella loro transizione post scuola superiore,"L Buzzacchi, I Pappel, RR Dreyling, S Dalledonne ",2022, 2022 ,https://webthesis.biblio.polito.it/22370/1/tesi.pdf,"L Buzzacchi, I Pappel, RR Dreyling, S Dalledonne  2022  webthesis.biblio.polito.it","https://scholar.google.co.za/scholar?start=170&q=%22education+technology%22+%2B+%22design+science+research%22&hl=en&as_sdt=0,5&as_ylo=2018&as_yhi=2023&as_vis=1"
Blended Learning: una revisión cienciométrica,"JCV Uribe, ACS Rocha, OV Rodrguez",2022," Revista de, 2022 ",https://dialnet.unirioja.es/servlet/articulo?codigo=8661441,"JCV Uribe, ACS Rocha, OV Rodrguez Revista de, 2022  dialnet.unirioja.es","https://scholar.google.co.za/scholar?start=170&q=%22education+technology%22+%2B+%22design+science+research%22&hl=en&as_sdt=0,5&as_ylo=2018&as_yhi=2023&as_vis=1"
3D-apartment models as sales materials: How to acquire better sales results with pedagogical methods: a case study of Zoan,N Tran ,2020, 2020 ,https://lutpub.lut.fi/handle/10024/162081,N Tran  2020  lutpub.lut.fi,"https://scholar.google.co.za/scholar?start=170&q=%22education+technology%22+%2B+%22design+science+research%22&hl=en&as_sdt=0,5&as_ylo=2018&as_yhi=2023&as_vis=1"
Classificação dos tipos de pesquisa em Informática na Educação,"AS Gomes, CRA Gomes",2019," Jaques, Patrcia Augustin, 2019 ",https://metodologia.ceie-br.org/wp-content/uploads/2019/06/livro1_cap4.pdf,"AS Gomes, CRA Gomes Jaques, Patrcia Augustin, 2019  metodologia.ceiebr.org","https://scholar.google.co.za/scholar?start=170&q=%22education+technology%22+%2B+%22design+science+research%22&hl=en&as_sdt=0,5&as_ylo=2018&as_yhi=2023&as_vis=1"
ENHANCED 3D TERRAIN VISUALIZATION PROCESS USING GAME ENGINE,MHBIN MAHAYUDIN ,, etduumedumy,https://etd.uum.edu.my/8723/1/S816047_01.pdf,MHBIN MAHAYUDIN  etd.uum.edu.my,"https://scholar.google.co.za/scholar?start=170&q=%22education+technology%22+%2B+%22design+science+research%22&hl=en&as_sdt=0,5&as_ylo=2018&as_yhi=2023&as_vis=1"
"Transformação digital no ensino superior: A plataforma tecnológica do LTEED do ISCTE-IUL, uma aplicação de design thinking",FB Pereira ,2022, 2022 ,https://repositorio.iscte-iul.pt/handle/10071/26692,FB Pereira  2022  repositorio.iscteiul.pt,"https://scholar.google.co.za/scholar?start=170&q=%22education+technology%22+%2B+%22design+science+research%22&hl=en&as_sdt=0,5&as_ylo=2018&as_yhi=2023&as_vis=1"
Producción científica sobre educación STEM en Latinoamérica: un estudio bibliométrico,"DP Cuervo, DP Caro, AT Torres, OP Corts",2022," Praxis, 2022 ",https://revistas.unimagdalena.edu.co/index.php/praxis/article/view/3787,"DP Cuervo, DP Caro, AT Torres, OP Corts Praxis, 2022  revistas.unimagdalena.edu.co","https://scholar.google.co.za/scholar?start=170&q=%22education+technology%22+%2B+%22design+science+research%22&hl=en&as_sdt=0,5&as_ylo=2018&as_yhi=2023&as_vis=1"
Exploring Security Professionals' Perceptions on Mobile Devices Paired with Rental Automobiles,J Struik ,2018, 2018 ,https://search.proquest.com/openview/c68428c5012c16f7dc00cc6c7fb510d2/1?pq-origsite=gscholar&cbl=18750,J Struik  2018  search.proquest.com,"https://scholar.google.co.za/scholar?start=180&q=%22education+technology%22+%2B+%22design+science+research%22&hl=en&as_sdt=0,5&as_ylo=2018&as_yhi=2023&as_vis=1"
Wie innovative Logistik die zukunftssichere und nachhaltige Gestaltung der Automatisierung und Digitalisierung der Halbleiterindustrie unterstützt,"G Schneider, J Lohmer",2021," Logistik in Wissenschaft und Praxis, 2021 ",https://link.springer.com/chapter/10.1007/978-3-658-33480-2_22,"G Schneider, J Lohmer Logistik in Wissenschaft und Praxis, 2021  Springer","https://scholar.google.co.za/scholar?start=180&q=%22education+technology%22+%2B+%22design+science+research%22&hl=en&as_sdt=0,5&as_ylo=2018&as_yhi=2023&as_vis=1"
Strategies for Successful Healthcare Information Technology Projects,CD Hayes ,2020, 2020 ,https://search.proquest.com/openview/cc5914fcc831d95510d65795d2f3766a/1?pq-origsite=gscholar&cbl=51922&diss=y,CD Hayes  2020  search.proquest.com,"https://scholar.google.co.za/scholar?start=180&q=%22education+technology%22+%2B+%22design+science+research%22&hl=en&as_sdt=0,5&as_ylo=2018&as_yhi=2023&as_vis=1"
Ohjeistus opetusympäristössä toimivan robotin ulkonäön suunnitteluun,H Honkanen ,2023, 2023 ,https://osuva.uwasa.fi/handle/10024/14977,H Honkanen  2023  osuva.uwasa.fi,"https://scholar.google.co.za/scholar?start=180&q=%22education+technology%22+%2B+%22design+science+research%22&hl=en&as_sdt=0,5&as_ylo=2018&as_yhi=2023&as_vis=1"
Information behaviour of law students; the impact of mobile devices on information seeking behaviour and provision in the 21st century,Z Abbas ,2018, 2018 ,https://openaccess.city.ac.uk/id/eprint/21893/,Z Abbas  2018  openaccess.city.ac.uk,"https://scholar.google.co.za/scholar?start=180&q=%22education+technology%22+%2B+%22design+science+research%22&hl=en&as_sdt=0,5&as_ylo=2018&as_yhi=2023&as_vis=1"
Design Sprint and Dark Patterns: Addressing user expectations and concerns in the design of an identity protection product,D Ayzit ,2019, 2019 ,https://aaltodoc.aalto.fi/handle/123456789/41716,D Ayzit  2019  aaltodoc.aalto.fi,"https://scholar.google.co.za/scholar?start=180&q=%22education+technology%22+%2B+%22design+science+research%22&hl=en&as_sdt=0,5&as_ylo=2018&as_yhi=2023&as_vis=1"
Instrumentos para validar Ambientes Didácticos de Aprendizaje (ADA) para la formación de profesores de lenguaje y comunicación en y para la diversidad …,"DI Caldern, H Castaeda",2018,Pea,http://www.scielo.org.co/scielo.php?script=sci_arttext&pid=S0120-48232018000100056,"DI Caldern, H CastaedaPea Signo y, 2018  scielo.org.co","https://scholar.google.co.za/scholar?start=180&q=%22education+technology%22+%2B+%22design+science+research%22&hl=en&as_sdt=0,5&as_ylo=2018&as_yhi=2023&as_vis=1"
An explorative study into the influence of principal's leadership style on building and nurturing students' leadership in a school: a case study of a private school in …,RMHD Nasab ,2021, 2021 ,https://bspace.buid.ac.ae/handle/1234/1889,RMHD Nasab  2021  bspace.buid.ac.ae,"https://scholar.google.co.za/scholar?start=180&q=%22education+technology%22+%2B+%22design+science+research%22&hl=en&as_sdt=0,5&as_ylo=2018&as_yhi=2023&as_vis=1"
BUSINESS INTELLIGENCE E DASHBOARDS NA EDUCAÇÃO SUPERIOR: uma revisão sistemática da literatura,"IS Bianchi, JBG Vendruscolo",2022," Encontro, 2022 ",https://desafioonline.ufms.br/index.php/EIGEDIN/article/view/17118,"IS Bianchi, JBG Vendruscolo Encontro, 2022  desafioonline.ufms.br","https://scholar.google.co.za/scholar?start=180&q=%22education+technology%22+%2B+%22design+science+research%22&hl=en&as_sdt=0,5&as_ylo=2018&as_yhi=2023&as_vis=1"
Employee Lack of Acceptance of Technological Change,ML Edwards ,2019, 2019 ,https://search.proquest.com/openview/417613d686080501720de83ad5cfd144/1?pq-origsite=gscholar&cbl=18750&diss=y,ML Edwards  2019  search.proquest.com,"https://scholar.google.co.za/scholar?start=180&q=%22education+technology%22+%2B+%22design+science+research%22&hl=en&as_sdt=0,5&as_ylo=2018&as_yhi=2023&as_vis=1"
